move_slug,move_label,exists_as_tm,tm_move_name_forum,hoenn_purchase_location,price_pokeyen,price_text,price_text_raw_forum,location_source_note,secondary_hoenn_purchase_location,secondary_price_pokeyen,secondary_price_text,secondary_source_note
absorb,Absorb,False,,,,,,,,,,
acid,Acid,False,,,,,,,,,,
acid-armor,Acid Armor,False,,,,,,,,,,
acid-spray,Acid Spray,True,Acid Spray,Lilycove Dept. Store (4th Floor TM Shop),15000,"$15,000","$15,000",Forum guide states this shop has all TMs in Hoenn (post edited 2026-03-08).,,,,
acrobatics,Acrobatics,True,Acrobatics,Lilycove Dept. Store (4th Floor TM Shop),20000,"$20,000","$20,000",Forum guide states this shop has all TMs in Hoenn (post edited 2026-03-08).,"Fortree City Pokémon Marts for $17,500",17500,"$17,500",PokeMMO Wiki TM page (2025-03-25 revision) lists this Hoenn purchase location.
acupressure,Acupressure,False,,,,,,,,,,
aerial-ace,Aerial Ace,True,Aerial Ace,Lilycove Dept. Store (4th Floor TM Shop),5000,"$5,000","$5,000",Forum guide states this shop has all TMs in Hoenn (post edited 2026-03-08).,"Slateport City Pokémon Marts for $12,500",12500,"$12,500",PokeMMO Wiki TM page (2025-03-25 revision) lists this Hoenn purchase location.
after-you,After You,False,,,,,,,,,,
agility,Agility,True,Agility,Lilycove Dept. Store (4th Floor TM Shop),20000,"$20,000","$20,000",Forum guide states this shop has all TMs in Hoenn (post edited 2026-03-08).,,,,
air-cutter,Air Cutter,True,Air Cutter,Lilycove Dept. Store (4th Floor TM Shop),10000,"$10,000","$10,000",Forum guide states this shop has all TMs in Hoenn (post edited 2026-03-08).,,,,
air-slash,Air Slash,True,Air Slash,Lilycove Dept. Store (4th Floor TM Shop),15000,"$15,000","$15,000",Forum guide states this shop has all TMs in Hoenn (post edited 2026-03-08).,,,,
alluring-voice,Alluring Voice,False,,,,,,,,,,
ally-switch,Ally Switch,True,Ally Switch,Lilycove Dept. Store (4th Floor TM Shop),20000,"$20,000","$20,000",Forum guide states this shop has all TMs in Hoenn (post edited 2026-03-08).,"Fortree City Pokémon Marts for $10,000",10000,"$10,000",PokeMMO Wiki TM page (2025-03-25 revision) lists this Hoenn purchase location.
amnesia,Amnesia,True,Amnesia,Lilycove Dept. Store (4th Floor TM Shop),15000,"$15,000","$15,000",Forum guide states this shop has all TMs in Hoenn (post edited 2026-03-08).,,,,
ancient-power,Ancient Power,True,AncientPower,Lilycove Dept. Store (4th Floor TM Shop),10000,"$10,000","$10,000",Forum guide states this shop has all TMs in Hoenn (post edited 2026-03-08).,,,,
aqua-jet,Aqua Jet,False,,,,,,,,,,
aqua-ring,Aqua Ring,False,,,,,,,,,,
aqua-tail,Aqua Tail,False,,,,,,,,,,
arm-thrust,Arm Thrust,False,,,,,,,,,,
aromatherapy,Aromatherapy,False,,,,,,,,,,
assist,Assist,False,,,,,,,,,,
assurance,Assurance,True,Assurance,Lilycove Dept. Store (4th Floor TM Shop),15000,"$15,000","$15,000",Forum guide states this shop has all TMs in Hoenn (post edited 2026-03-08).,,,,
astonish,Astonish,False,,,,,,,,,,
attract,Attract,True,Attract,Lilycove Dept. Store (4th Floor TM Shop),5000,"$5,000","$5,000",Forum guide states this shop has all TMs in Hoenn (post edited 2026-03-08).,"Slateport City Pokémon Marts for $10,000",10000,"$10,000",PokeMMO Wiki TM page (2025-03-25 revision) lists this Hoenn purchase location.
aura-sphere,Aura Sphere,True,Aura Sphere,Lilycove Dept. Store (4th Floor TM Shop),25000,"$25,000","$25,000",Forum guide states this shop has all TMs in Hoenn (post edited 2026-03-08).,,,,
aurora-beam,Aurora Beam,False,,,,,,,,,,
aurora-veil,Aurora Veil,False,,,,,,,,,,
autotomize,Autotomize,False,,,,,,,,,,
avalanche,Avalanche,True,Avalanche,Lilycove Dept. Store (4th Floor TM Shop),20000,"$20,000","$20,000",Forum guide states this shop has all TMs in Hoenn (post edited 2026-03-08).,,,,
axe-kick,Axe Kick,False,,,,,,,,,,
baby-doll-eyes,Baby Doll Eyes,False,,,,,,,,,,
barrier,Barrier,False,,,,,,,,,,
baton-pass,Baton Pass,True,Baton Pass,Lilycove Dept. Store (4th Floor TM Shop),20000,"$20,000","$20,000",Forum guide states this shop has all TMs in Hoenn (post edited 2026-03-08).,,,,
beat-up,Beat Up,True,Beat Up,Lilycove Dept. Store (4th Floor TM Shop),15000,"$15,000","$15,000",Forum guide states this shop has all TMs in Hoenn (post edited 2026-03-08).,,,,
belch,Belch,False,,,,,,,,,,
belly-drum,Belly Drum,False,,,,,,,,,,
bestow,Bestow,False,,,,,,,,,,
bide,Bide,True,Bide,Lilycove Dept. Store (4th Floor TM Shop),5000,"$5,000","$5,000",Forum guide states this shop has all TMs in Hoenn (post edited 2026-03-08).,,,,
bind,Bind,False,,,,,,,,,,
bite,Bite,False,,,,,,,,,,
blast-burn,Blast Burn,False,,,,,,,,,,
blaze-kick,Blaze Kick,True,Blaze Kick,Lilycove Dept. Store (4th Floor TM Shop),25000,"$25,000","$25,000",Forum guide states this shop has all TMs in Hoenn (post edited 2026-03-08).,,,,
blizzard,Blizzard,True,Blizzard,Lilycove Dept. Store (4th Floor TM Shop),25000,"$25,000","$25,000",Forum guide states this shop has all TMs in Hoenn (post edited 2026-03-08).,"Sootopolis City Pokémon Marts for $25,000",25000,"$25,000",PokeMMO Wiki TM page (2025-03-25 revision) lists this Hoenn purchase location.
block,Block,False,,,,,,,,,,
body-press,Body Press,False,,,,,,,,,,
body-slam,Body Slam,True,Body Slam,Lilycove Dept. Store (4th Floor TM Shop),25000,"$25,000","$25,000",Forum guide states this shop has all TMs in Hoenn (post edited 2026-03-08).,,,,
boomburst,Boomburst,False,,,,,,,,,,
bounce,Bounce,False,,,,,,,,,,
brave-bird,Brave Bird,True,Brave Bird,Lilycove Dept. Store (4th Floor TM Shop),30000,"$30,000","$30,000",Forum guide states this shop has all TMs in Hoenn (post edited 2026-03-08).,,,,
breaking-swipe,Breaking Swipe,False,,,,,,,,,,
brick-break,Brick Break,True,Brick Break,Lilycove Dept. Store (4th Floor TM Shop),15000,"$15,000","$15,000",Forum guide states this shop has all TMs in Hoenn (post edited 2026-03-08).,"Slateport City Pokémon Marts for $17,500",17500,"$17,500",PokeMMO Wiki TM page (2025-03-25 revision) lists this Hoenn purchase location.
brine,Brine,True,Brine,Lilycove Dept. Store (4th Floor TM Shop),15000,"$15,000","$15,000",Forum guide states this shop has all TMs in Hoenn (post edited 2026-03-08).,,,,
brutal-swing,Brutal Swing,False,,,,,,,,,,
bubble,Bubble,False,,,,,,,,,,
bubble-beam,Bubble Beam,True,BubbleBeam,Lilycove Dept. Store (4th Floor TM Shop),5000,"$5,000","$5,000",Forum guide states this shop has all TMs in Hoenn (post edited 2026-03-08).,,,,
bug-bite,Bug Bite,True,Bug Bite,Lilycove Dept. Store (4th Floor TM Shop),10000,"$10,000","$10,000",Forum guide states this shop has all TMs in Hoenn (post edited 2026-03-08).,,,,
bug-buzz,Bug Buzz,True,Bug Buzz,Lilycove Dept. Store (4th Floor TM Shop),30000,"$30,000","$30,000",Forum guide states this shop has all TMs in Hoenn (post edited 2026-03-08).,,,,
bulk-up,Bulk Up,True,Bulk Up,Lilycove Dept. Store (4th Floor TM Shop),20000,"$20,000","$20,000",Forum guide states this shop has all TMs in Hoenn (post edited 2026-03-08).,"Sootopolis City Pokémon Marts for $20,000",20000,"$20,000",PokeMMO Wiki TM page (2025-03-25 revision) lists this Hoenn purchase location.
bulldoze,Bulldoze,True,Bulldoze,Lilycove Dept. Store (4th Floor TM Shop),15000,"$15,000","$15,000",Forum guide states this shop has all TMs in Hoenn (post edited 2026-03-08).,"Slateport City Pokémon Marts for $12,500",12500,"$12,500",PokeMMO Wiki TM page (2025-03-25 revision) lists this Hoenn purchase location.
bullet-punch,Bullet Punch,False,,,,,,,,,,
bullet-seed,Bullet Seed,True,Bullet Seed,Lilycove Dept. Store (4th Floor TM Shop),15000,"$15,000","$15,000",Forum guide states this shop has all TMs in Hoenn (post edited 2026-03-08).,,,,
burning-jealousy,Burning Jealousy,False,,,,,,,,,,
calm-mind,Calm Mind,True,Calm Mind,Lilycove Dept. Store (4th Floor TM Shop),20000,"$20,000","$20,000",Forum guide states this shop has all TMs in Hoenn (post edited 2026-03-08).,"Sootopolis City Pokémon Marts for $20,000",20000,"$20,000",PokeMMO Wiki TM page (2025-03-25 revision) lists this Hoenn purchase location.
camouflage,Camouflage,False,,,,,,,,,,
captivate,Captivate,True,Captivate,Lilycove Dept. Store (4th Floor TM Shop),5000,"$5,000","$5,000",Forum guide states this shop has all TMs in Hoenn (post edited 2026-03-08).,,,,
charge,Charge,True,Charge,Lilycove Dept. Store (4th Floor TM Shop),5000,"$5,000","$5,000",Forum guide states this shop has all TMs in Hoenn (post edited 2026-03-08).,,,,
charge-beam,Charge Beam,True,Charge Beam,Lilycove Dept. Store (4th Floor TM Shop),15000,"$15,000","$15,000",Forum guide states this shop has all TMs in Hoenn (post edited 2026-03-08).,"Fortree City Pokémon Marts for $12,500",12500,"$12,500",PokeMMO Wiki TM page (2025-03-25 revision) lists this Hoenn purchase location.
charm,Charm,True,Charm,Lilycove Dept. Store (4th Floor TM Shop),5000,"$5,000","$5,000",Forum guide states this shop has all TMs in Hoenn (post edited 2026-03-08).,,,,
chilling-water,Chilling Water,False,,,,,,,,,,
chip-away,Chip Away,False,,,,,,,,,,
circle-throw,Circle Throw,True,Circle Throw,Lilycove Dept. Store (4th Floor TM Shop),20000,"$20,000","$20,000",Forum guide states this shop has all TMs in Hoenn (post edited 2026-03-08).,,,,
clamp,Clamp,False,,,,,,,,,,
clear-smog,Clear Smog,False,,,,,,,,,,
close-combat,Close Combat,True,Close Combat,Lilycove Dept. Store (4th Floor TM Shop),25000,"$25,000","$25,000",Forum guide states this shop has all TMs in Hoenn (post edited 2026-03-08).,,,,
coaching,Coaching,False,,,,,,,,,,
coil,Coil,False,,,,,,,,,,
confide,Confide,False,,,,,,,,,,
confuse-ray,Confuse Ray,True,Confuse Ray,Lilycove Dept. Store (4th Floor TM Shop),5000,"$5,000","$5,000",Forum guide states this shop has all TMs in Hoenn (post edited 2026-03-08).,,,,
confusion,Confusion,False,,,,,,,,,,
constrict,Constrict,False,,,,,,,,,,
copycat,Copycat,False,,,,,,,,,,
cosmic-power,Cosmic Power,True,Cosmic Power,Lilycove Dept. Store (4th Floor TM Shop),20000,"$20,000","$20,000",Forum guide states this shop has all TMs in Hoenn (post edited 2026-03-08).,,,,
cotton-guard,Cotton Guard,False,,,,,,,,,,
cotton-spore,Cotton Spore,False,,,,,,,,,,
counter,Counter,True,Counter,Lilycove Dept. Store (4th Floor TM Shop),20000,"$20,000","$20,000",Forum guide states this shop has all TMs in Hoenn (post edited 2026-03-08).,,,,
covet,Covet,False,,,,,,,,,,
crabhammer,Crabhammer,False,,,,,,,,,,
crafty-shield,Crafty Shield,False,,,,,,,,,,
cross-chop,Cross Chop,False,,,,,,,,,,
cross-poison,Cross Poison,True,Cross Poison,Lilycove Dept. Store (4th Floor TM Shop),15000,"$15,000","$15,000",Forum guide states this shop has all TMs in Hoenn (post edited 2026-03-08).,,,,
crunch,Crunch,True,Crunch,Lilycove Dept. Store (4th Floor TM Shop),25000,"$25,000","$25,000",Forum guide states this shop has all TMs in Hoenn (post edited 2026-03-08).,,,,
crush-claw,Crush Claw,False,,,,,,,,,,
curse,Curse,True,Curse,Lilycove Dept. Store (4th Floor TM Shop),20000,"$20,000","$20,000",Forum guide states this shop has all TMs in Hoenn (post edited 2026-03-08).,,,,
cut,Cut,False,,,,,,,,,,
dark-pulse,Dark Pulse,True,Dark Pulse,Lilycove Dept. Store (4th Floor TM Shop),25000,"$25,000","$25,000",Forum guide states this shop has all TMs in Hoenn (post edited 2026-03-08).,,,,
darkest-lariat,Darkest Lariat,False,,,,,,,,,,
dazzling-gleam,Dazzling Gleam,False,,,,,,,,,,
defense-curl,Defense Curl,False,,,,,,,,,,
defog,Defog,False,,,,,,,,,,
destiny-bond,Destiny Bond,False,,,,,,,,,,
detect,Detect,True,Detect,Lilycove Dept. Store (4th Floor TM Shop),20000,"$20,000","$20,000",Forum guide states this shop has all TMs in Hoenn (post edited 2026-03-08).,,,,
dig,Dig,True,Dig,Lilycove Dept. Store (4th Floor TM Shop),10000,"$10,000","$10,000",Forum guide states this shop has all TMs in Hoenn (post edited 2026-03-08).,"Slateport City Pokémon Marts for $10,000",10000,"$10,000",PokeMMO Wiki TM page (2025-03-25 revision) lists this Hoenn purchase location.
disable,Disable,False,,,,,,,,,,
disarming-voice,Disarming Voice,False,,,,,,,,,,
discharge,Discharge,True,Discharge,Lilycove Dept. Store (4th Floor TM Shop),20000,"$20,000","$20,000",Forum guide states this shop has all TMs in Hoenn (post edited 2026-03-08).,,,,
dive,Dive,False,,,,,,,,,,
dizzy-punch,Dizzy Punch,False,,,,,,,,,,
doom-desire,Doom Desire,False,,,,,,,,,,
double-edge,Double Edge,True,Double-Edge,Lilycove Dept. Store (4th Floor TM Shop),30000,"$30,000","$30,000",Forum guide states this shop has all TMs in Hoenn (post edited 2026-03-08).,,,,
double-hit,Double Hit,True,Double Hit,Lilycove Dept. Store (4th Floor TM Shop),5000,"$5,000","$5,000",Forum guide states this shop has all TMs in Hoenn (post edited 2026-03-08).,,,,
double-kick,Double Kick,False,,,,,,,,,,
double-slap,Double Slap,False,,,,,,,,,,
double-team,Double Team,True,Double Team,Lilycove Dept. Store (4th Floor TM Shop),15000,"$15,000","$15,000",Forum guide states this shop has all TMs in Hoenn (post edited 2026-03-08).,"Slateport City Pokémon Marts for $10,000",10000,"$10,000",PokeMMO Wiki TM page (2025-03-25 revision) lists this Hoenn purchase location.
draco-meteor,Draco Meteor,True,Draco Meteor,Lilycove Dept. Store (4th Floor TM Shop),25000,"$25,000","$25,000",Forum guide states this shop has all TMs in Hoenn (post edited 2026-03-08).,,,,
dragon-ascent,Dragon Ascent,False,,,,,,,,,,
dragon-breath,Dragon Breath,True,DragonBreath,Lilycove Dept. Store (4th Floor TM Shop),10000,"$10,000","$10,000",Forum guide states this shop has all TMs in Hoenn (post edited 2026-03-08).,,,,
dragon-cheer,Dragon Cheer,False,,,,,,,,,,
dragon-claw,Dragon Claw,True,Dragon Claw,Lilycove Dept. Store (4th Floor TM Shop),25000,"$25,000","$25,000",Forum guide states this shop has all TMs in Hoenn (post edited 2026-03-08).,"Sootopolis City Pokémon Marts for $25,000",25000,"$25,000",PokeMMO Wiki TM page (2025-03-25 revision) lists this Hoenn purchase location.
dragon-dance,Dragon Dance,True,Dragon Dance,Lilycove Dept. Store (4th Floor TM Shop),30000,"$30,000","$30,000",Forum guide states this shop has all TMs in Hoenn (post edited 2026-03-08).,,,,
dragon-hammer,Dragon Hammer,False,,,,,,,,,,
dragon-pulse,Dragon Pulse,True,Dragon Pulse,Lilycove Dept. Store (4th Floor TM Shop),25000,"$25,000","$25,000",Forum guide states this shop has all TMs in Hoenn (post edited 2026-03-08).,,,,
dragon-rage,Dragon Rage,True,Dragon Rage,Lilycove Dept. Store (4th Floor TM Shop),10000,"$10,000","$10,000",Forum guide states this shop has all TMs in Hoenn (post edited 2026-03-08).,,,,
dragon-rush,Dragon Rush,False,,,,,,,,,,
dragon-tail,Dragon Tail,True,Dragon Tail,Lilycove Dept. Store (4th Floor TM Shop),20000,"$20,000","$20,000",Forum guide states this shop has all TMs in Hoenn (post edited 2026-03-08).,"Fortree City Pokémon Marts for $17,500",17500,"$17,500",PokeMMO Wiki TM page (2025-03-25 revision) lists this Hoenn purchase location.
drain-punch,Drain Punch,True,Drain Punch,Lilycove Dept. Store (4th Floor TM Shop),25000,"$25,000","$25,000",Forum guide states this shop has all TMs in Hoenn (post edited 2026-03-08).,,,,
draining-kiss,Draining Kiss,False,,,,,,,,,,
dream-eater,Dream Eater,True,Dream Eater,Lilycove Dept. Store (4th Floor TM Shop),10000,"$10,000","$10,000",Forum guide states this shop has all TMs in Hoenn (post edited 2026-03-08).,"Slateport City Pokémon Marts for $10,000",10000,"$10,000",PokeMMO Wiki TM page (2025-03-25 revision) lists this Hoenn purchase location.
drill-run,Drill Run,True,Drill Run,Lilycove Dept. Store (4th Floor TM Shop),25000,"$25,000","$25,000",Forum guide states this shop has all TMs in Hoenn (post edited 2026-03-08).,,,,
dual-chop,Dual Chop,True,Dual Chop,Lilycove Dept. Store (4th Floor TM Shop),15000,"$15,000","$15,000",Forum guide states this shop has all TMs in Hoenn (post edited 2026-03-08).,,,,
dual-wingbeat,Dual Wingbeat,False,,,,,,,,,,
dynamic-punch,Dynamic Punch,True,DynamicPunch,Lilycove Dept. Store (4th Floor TM Shop),15000,"$15,000","$15,000",Forum guide states this shop has all TMs in Hoenn (post edited 2026-03-08).,,,,
earth-power,Earth Power,True,Earth Power,Lilycove Dept. Store (4th Floor TM Shop),30000,"$30,000","$30,000",Forum guide states this shop has all TMs in Hoenn (post edited 2026-03-08).,,,,
earthquake,Earthquake,True,Earthquake,Lilycove Dept. Store (4th Floor TM Shop),30000,"$30,000","$30,000",Forum guide states this shop has all TMs in Hoenn (post edited 2026-03-08).,"Sootopolis City Pokémon Marts for $30,000",30000,"$30,000",PokeMMO Wiki TM page (2025-03-25 revision) lists this Hoenn purchase location.
echoed-voice,Echoed Voice,True,Echoed Voice,Lilycove Dept. Store (4th Floor TM Shop),5000,"$5,000","$5,000",Forum guide states this shop has all TMs in Hoenn (post edited 2026-03-08).,"Slateport City Pokémon Marts for $10,000",10000,"$10,000",PokeMMO Wiki TM page (2025-03-25 revision) lists this Hoenn purchase location.
eerie-impulse,Eerie Impulse,False,,,,,,,,,,
electric-terrain,Electric Terrain,False,,,,,,,,,,
electro-ball,Electro Ball,True,Electro Ball,Lilycove Dept. Store (4th Floor TM Shop),15000,"$15,000","$15,000",Forum guide states this shop has all TMs in Hoenn (post edited 2026-03-08).,,,,
electroweb,Electroweb,True,Electoweb,Lilycove Dept. Store (4th Floor TM Shop),20000,"$20,000","$20,000",Forum guide states this shop has all TMs in Hoenn (post edited 2026-03-08).,,,,
embargo,Embargo,True,Embargo,Lilycove Dept. Store (4th Floor TM Shop),5000,"$5,000","$5,000",Forum guide states this shop has all TMs in Hoenn (post edited 2026-03-08).,"Fortree City Pokémon Marts for $10,000",10000,"$10,000",PokeMMO Wiki TM page (2025-03-25 revision) lists this Hoenn purchase location.
ember,Ember,False,,,,,,,,,,
encore,Encore,True,Encore,Lilycove Dept. Store (4th Floor TM Shop),30000,"$30,000","$30,000",Forum guide states this shop has all TMs in Hoenn (post edited 2026-03-08).,,,,
endeavor,Endeavor,True,Endeavor,Lilycove Dept. Store (4th Floor TM Shop),15000,"$15,000","$15,000",Forum guide states this shop has all TMs in Hoenn (post edited 2026-03-08).,,,,
endure,Endure,True,Endure,Lilycove Dept. Store (4th Floor TM Shop),20000,"$20,000","$20,000",Forum guide states this shop has all TMs in Hoenn (post edited 2026-03-08).,,,,
energy-ball,Energy Ball,True,Energy Ball,Lilycove Dept. Store (4th Floor TM Shop),30000,"$30,000","$30,000",Forum guide states this shop has all TMs in Hoenn (post edited 2026-03-08).,"Sootopolis City Pokémon Marts for $30,000",30000,"$30,000",PokeMMO Wiki TM page (2025-03-25 revision) lists this Hoenn purchase location.
entrainment,Entrainment,False,,,,,,,,,,
eruption,Eruption,False,,,,,,,,,,
expanding-force,Expanding Force,False,,,,,,,,,,
explosion,Explosion,True,Explosion,Lilycove Dept. Store (4th Floor TM Shop),15000,"$15,000","$15,000",Forum guide states this shop has all TMs in Hoenn (post edited 2026-03-08).,"Fortree City Pokémon Marts for $17,500",17500,"$17,500",PokeMMO Wiki TM page (2025-03-25 revision) lists this Hoenn purchase location.
extrasensory,Extrasensory,False,,,,,,,,,,
extreme-speed,Extreme Speed,False,,,,,,,,,,
facade,Facade,True,Facade,Lilycove Dept. Store (4th Floor TM Shop),20000,"$20,000","$20,000",Forum guide states this shop has all TMs in Hoenn (post edited 2026-03-08).,"Fortree City Pokémon Marts for $17,500",17500,"$17,500",PokeMMO Wiki TM page (2025-03-25 revision) lists this Hoenn purchase location.
fairy-wind,Fairy Wind,False,,,,,,,,,,
fake-out,Fake Out,True,Fake Out,Lilycove Dept. Store (4th Floor TM Shop),30000,"$30,000","$30,000",Forum guide states this shop has all TMs in Hoenn (post edited 2026-03-08).,,,,
fake-tears,Fake Tears,True,Fake Tears,Lilycove Dept. Store (4th Floor TM Shop),5000,"$5,000","$5,000",Forum guide states this shop has all TMs in Hoenn (post edited 2026-03-08).,,,,
false-swipe,False Swipe,True,False Swipe,Lilycove Dept. Store (4th Floor TM Shop),10000,"$10,000","$10,000",Forum guide states this shop has all TMs in Hoenn (post edited 2026-03-08).,"Slateport City Pokémon Marts for $10,000",10000,"$10,000",PokeMMO Wiki TM page (2025-03-25 revision) lists this Hoenn purchase location.
feather-dance,Feather Dance,True,FeatherDance,Lilycove Dept. Store (4th Floor TM Shop),5000,"$5,000","$5,000",Forum guide states this shop has all TMs in Hoenn (post edited 2026-03-08).,,,,
feint,Feint,False,,,,,,,,,,
feint-attack,Feint Attack,False,,,,,,,,,,
fell-stinger,Fell Stinger,False,,,,,,,,,,
final-gambit,Final Gambit,False,,,,,,,,,,
fire-blast,Fire Blast,True,Fire Blast,Lilycove Dept. Store (4th Floor TM Shop),25000,"$25,000","$25,000",Forum guide states this shop has all TMs in Hoenn (post edited 2026-03-08).,"Sootopolis City Pokémon Marts for $25,000",25000,"$25,000",PokeMMO Wiki TM page (2025-03-25 revision) lists this Hoenn purchase location.
fire-fang,Fire Fang,True,Fire Fang,Lilycove Dept. Store (4th Floor TM Shop),10000,"$10,000","$10,000",Forum guide states this shop has all TMs in Hoenn (post edited 2026-03-08).,,,,
fire-pledge,Fire Pledge,False,,,,,,,,,,
fire-punch,Fire Punch,True,Fire Punch,Lilycove Dept. Store (4th Floor TM Shop),25000,"$25,000","$25,000",Forum guide states this shop has all TMs in Hoenn (post edited 2026-03-08).,,,,
fire-spin,Fire Spin,True,Fire Spin,Lilycove Dept. Store (4th Floor TM Shop),10000,"$10,000","$10,000",Forum guide states this shop has all TMs in Hoenn (post edited 2026-03-08).,,,,
first-impression,First Impression,False,,,,,,,,,,
fissure,Fissure,True,Fissure,Lilycove Dept. Store (4th Floor TM Shop),10000,"$10,000","$10,000",Forum guide states this shop has all TMs in Hoenn (post edited 2026-03-08).,,,,
flail,Flail,False,,,,,,,,,,
flame-burst,Flame Burst,False,,,,,,,,,,
flame-charge,Flame Charge,True,Flame Charge,Lilycove Dept. Store (4th Floor TM Shop),15000,"$15,000","$15,000",Forum guide states this shop has all TMs in Hoenn (post edited 2026-03-08).,"Slateport City Pokémon Marts for $17,500",17500,"$17,500",PokeMMO Wiki TM page (2025-03-25 revision) lists this Hoenn purchase location.
flame-wheel,Flame Wheel,False,,,,,,,,,,
flamethrower,Flamethrower,True,Flamethrower,Lilycove Dept. Store (4th Floor TM Shop),30000,"$30,000","$30,000",Forum guide states this shop has all TMs in Hoenn (post edited 2026-03-08).,"Mauville City Game Corners for 6,000 coins",,"6,000 coins",PokeMMO Wiki TM page (2025-03-25 revision) lists this Hoenn purchase location.
flare-blitz,Flare Blitz,True,Flare Blitz,Lilycove Dept. Store (4th Floor TM Shop),30000,"$30,000","$30,000",Forum guide states this shop has all TMs in Hoenn (post edited 2026-03-08).,,,,
flash,Flash,True,Flash,Lilycove Dept. Store (4th Floor TM Shop),2500,"$2,500","$2,500",Forum guide states this shop has all TMs in Hoenn (post edited 2026-03-08).,,,,
flash-cannon,Flash Cannon,True,Flash Cannon,Lilycove Dept. Store (4th Floor TM Shop),25000,"$25,000","$25,000",Forum guide states this shop has all TMs in Hoenn (post edited 2026-03-08).,"Sootopolis City Pokémon Marts for $25,000",25000,"$25,000",PokeMMO Wiki TM page (2025-03-25 revision) lists this Hoenn purchase location.
flatter,Flatter,False,,,,,,,,,,
fling,Fling,True,Fling,Lilycove Dept. Store (4th Floor TM Shop),15000,"$15,000","$15,000",Forum guide states this shop has all TMs in Hoenn (post edited 2026-03-08).,"Slateport City Pokémon Marts for $12,500",12500,"$12,500",PokeMMO Wiki TM page (2025-03-25 revision) lists this Hoenn purchase location.
flip-turn,Flip Turn,False,,,,,,,,,,
fly,Fly,False,,,,,,,,,,
focus-blast,Focus Blast,True,Focus Blast,Lilycove Dept. Store (4th Floor TM Shop),25000,"$25,000","$25,000",Forum guide states this shop has all TMs in Hoenn (post edited 2026-03-08).,"Sootopolis City Pokémon Marts for $25,000",25000,"$25,000",PokeMMO Wiki TM page (2025-03-25 revision) lists this Hoenn purchase location.
focus-energy,Focus Energy,True,Focus Energy,Lilycove Dept. Store (4th Floor TM Shop),5000,"$5,000","$5,000",Forum guide states this shop has all TMs in Hoenn (post edited 2026-03-08).,,,,
focus-punch,Focus Punch,True,Focus Punch,Lilycove Dept. Store (4th Floor TM Shop),15000,"$15,000","$15,000",Forum guide states this shop has all TMs in Hoenn (post edited 2026-03-08).,,,,
force-palm,Force Palm,False,,,,,,,,,,
foresight,Foresight,False,,,,,,,,,,
foul-play,Foul Play,True,Foul Play,Lilycove Dept. Store (4th Floor TM Shop),30000,"$30,000","$30,000",Forum guide states this shop has all TMs in Hoenn (post edited 2026-03-08).,,,,
freeze-dry,Freeze Dry,False,,,,,,,,,,
frenzy-plant,Frenzy Plant,False,,,,,,,,,,
frost-breath,Frost Breath,True,Frost Breath,Lilycove Dept. Store (4th Floor TM Shop),20000,"$20,000","$20,000",Forum guide states this shop has all TMs in Hoenn (post edited 2026-03-08).,"Fortree City Pokémon Marts for $17,500",17500,"$17,500",PokeMMO Wiki TM page (2025-03-25 revision) lists this Hoenn purchase location.
frustration,Frustration,True,Frustration,Lilycove Dept. Store (4th Floor TM Shop),5000,"$5,000","$5,000",Forum guide states this shop has all TMs in Hoenn (post edited 2026-03-08).,"Slateport City Pokémon Marts for $17,500",17500,"$17,500",PokeMMO Wiki TM page (2025-03-25 revision) lists this Hoenn purchase location.
fury-attack,Fury Attack,False,,,,,,,,,,
fury-cutter,Fury Cutter,True,Fury Cutter,Lilycove Dept. Store (4th Floor TM Shop),5000,"$5,000","$5,000",Forum guide states this shop has all TMs in Hoenn (post edited 2026-03-08).,,,,
fury-swipes,Fury Swipes,False,,,,,,,,,,
future-sight,Future Sight,True,Future Sight,Lilycove Dept. Store (4th Floor TM Shop),15000,"$15,000","$15,000",Forum guide states this shop has all TMs in Hoenn (post edited 2026-03-08).,,,,
gastro-acid,Gastro Acid,False,,,,,,,,,,
giga-drain,Giga Drain,True,Giga Drain,Lilycove Dept. Store (4th Floor TM Shop),25000,"$25,000","$25,000",Forum guide states this shop has all TMs in Hoenn (post edited 2026-03-08).,,,,
giga-impact,Giga Impact,True,Giga Impact,Lilycove Dept. Store (4th Floor TM Shop),15000,"$15,000","$15,000",Forum guide states this shop has all TMs in Hoenn (post edited 2026-03-08).,"Fortree City Pokémon Marts for $17,500",17500,"$17,500",PokeMMO Wiki TM page (2025-03-25 revision) lists this Hoenn purchase location.
glare,Glare,False,,,,,,,,,,
grass-knot,Grass Knot,True,Grass Knot,Lilycove Dept. Store (4th Floor TM Shop),20000,"$20,000","$20,000",Forum guide states this shop has all TMs in Hoenn (post edited 2026-03-08).,"Fortree City Pokémon Marts for $25,000",25000,"$25,000",PokeMMO Wiki TM page (2025-03-25 revision) lists this Hoenn purchase location.
grass-pledge,Grass Pledge,False,,,,,,,,,,
grass-whistle,Grass Whistle,False,,,,,,,,,,
grassy-glide,Grassy Glide,False,,,,,,,,,,
grassy-terrain,Grassy Terrain,False,,,,,,,,,,
gravity,Gravity,True,Gravity,Lilycove Dept. Store (4th Floor TM Shop),5000,"$5,000","$5,000",Forum guide states this shop has all TMs in Hoenn (post edited 2026-03-08).,,,,
growl,Growl,False,,,,,,,,,,
growth,Growth,False,,,,,,,,,,
grudge,Grudge,False,,,,,,,,,,
guard-split,Guard Split,False,,,,,,,,,,
guard-swap,Guard Swap,True,Guard Swap,Lilycove Dept. Store (4th Floor TM Shop),10000,"$10,000","$10,000",Forum guide states this shop has all TMs in Hoenn (post edited 2026-03-08).,,,,
guillotine,Guillotine,False,,,,,,,,,,
gunk-shot,Gunk Shot,True,Gunk Shot,Lilycove Dept. Store (4th Floor TM Shop),25000,"$25,000","$25,000",Forum guide states this shop has all TMs in Hoenn (post edited 2026-03-08).,,,,
gust,Gust,False,,,,,,,,,,
gyro-ball,Gyro Ball,True,Gyro Ball,Lilycove Dept. Store (4th Floor TM Shop),15000,"$15,000","$15,000",Forum guide states this shop has all TMs in Hoenn (post edited 2026-03-08).,"Fortree City Pokémon Marts for $25,000",25000,"$25,000",PokeMMO Wiki TM page (2025-03-25 revision) lists this Hoenn purchase location.
hail,Hail,True,Hail,Lilycove Dept. Store (4th Floor TM Shop),15000,"$15,000","$15,000",Forum guide states this shop has all TMs in Hoenn (post edited 2026-03-08).,,,,
hammer-arm,Hammer Arm,False,,,,,,,,,,
hard-press,Hard Press,False,,,,,,,,,,
harden,Harden,False,,,,,,,,,,
haze,Haze,True,Haze,Lilycove Dept. Store (4th Floor TM Shop),25000,"$25,000","$25,000",Forum guide states this shop has all TMs in Hoenn (post edited 2026-03-08).,,,,
head-smash,Head Smash,False,,,,,,,,,,
headbutt,Headbutt,True,Headbutt,Lilycove Dept. Store (4th Floor TM Shop),10000,"$10,000","$10,000",Forum guide states this shop has all TMs in Hoenn (post edited 2026-03-08).,,,,
headlong-rush,Headlong Rush,False,,,,,,,,,,
heal-bell,Heal Bell,False,,,,,,,,,,
heal-block,Heal Block,True,Heal Block,Lilycove Dept. Store (4th Floor TM Shop),15000,"$15,000","$15,000",Forum guide states this shop has all TMs in Hoenn (post edited 2026-03-08).,,,,
heal-pulse,Heal Pulse,False,,,,,,,,,,
healing-wish,Healing Wish,False,,,,,,,,,,
heart-stamp,Heart Stamp,False,,,,,,,,,,
heat-crash,Heat Crash,True,Heat Crash,Lilycove Dept. Store (4th Floor TM Shop),20000,"$20,000","$20,000",Forum guide states this shop has all TMs in Hoenn (post edited 2026-03-08).,,,,
heat-wave,Heat Wave,True,Heat Wave,Lilycove Dept. Store (4th Floor TM Shop),25000,"$25,000","$25,000",Forum guide states this shop has all TMs in Hoenn (post edited 2026-03-08).,,,,
heavy-slam,Heavy Slam,True,Heavy Slam,Lilycove Dept. Store (4th Floor TM Shop),20000,"$20,000","$20,000",Forum guide states this shop has all TMs in Hoenn (post edited 2026-03-08).,,,,
helping-hand,Helping Hand,True,Helping Hand,Lilycove Dept. Store (4th Floor TM Shop),20000,"$20,000","$20,000",Forum guide states this shop has all TMs in Hoenn (post edited 2026-03-08).,,,,
hex,Hex,True,Hex,Lilycove Dept. Store (4th Floor TM Shop),15000,"$15,000","$15,000",Forum guide states this shop has all TMs in Hoenn (post edited 2026-03-08).,,,,
hidden-power,Hidden Power,True,Hidden Power,Lilycove Dept. Store (4th Floor TM Shop),30000,"$30,000","$30,000",Forum guide states this shop has all TMs in Hoenn (post edited 2026-03-08).,"Slateport City Secret Power group member who appears after the TM on Route 111 is given, for $30,000",30000,"$30,000",PokeMMO Wiki TM page (2025-03-25 revision) lists this Hoenn purchase location.
high-horsepower,High Horsepower,False,,,,,,,,,,
high-jump-kick,High Jump Kick,False,,,,,,,,,,
hone-claws,Hone Claws,True,Hone Claws,Lilycove Dept. Store (4th Floor TM Shop),15000,"$15,000","$15,000",Forum guide states this shop has all TMs in Hoenn (post edited 2026-03-08).,"Slateport City Pokémon Marts for $17,500",17500,"$17,500",PokeMMO Wiki TM page (2025-03-25 revision) lists this Hoenn purchase location.
howl,Howl,False,,,,,,,,,,
hurricane,Hurricane,True,Hurricane,Lilycove Dept. Store (4th Floor TM Shop),25000,"$25,000","$25,000",Forum guide states this shop has all TMs in Hoenn (post edited 2026-03-08).,,,,
hydro-cannon,Hydro Cannon,False,,,,,,,,,,
hydro-pump,Hydro Pump,True,Hydro Pump,Lilycove Dept. Store (4th Floor TM Shop),25000,"$25,000","$25,000",Forum guide states this shop has all TMs in Hoenn (post edited 2026-03-08).,,,,
hyper-beam,Hyper Beam,True,Hyper Beam,Lilycove Dept. Store (4th Floor TM Shop),15000,"$15,000","$15,000",Forum guide states this shop has all TMs in Hoenn (post edited 2026-03-08).,"Fortree City Pokémon Marts for $17,500",17500,"$17,500",PokeMMO Wiki TM page (2025-03-25 revision) lists this Hoenn purchase location.
hyper-voice,Hyper Voice,True,Hyper Voice,Lilycove Dept. Store (4th Floor TM Shop),25000,"$25,000","$25,000",Forum guide states this shop has all TMs in Hoenn (post edited 2026-03-08).,,,,
hypnosis,Hypnosis,False,,,,,,,,,,
ice-ball,Ice Ball,False,,,,,,,,,,
ice-beam,Ice Beam,True,Ice Beam,Lilycove Dept. Store (4th Floor TM Shop),30000,"$30,000","$30,000",Forum guide states this shop has all TMs in Hoenn (post edited 2026-03-08).,"Mauville City Game Corners for 6,000 coins",,"6,000 coins",PokeMMO Wiki TM page (2025-03-25 revision) lists this Hoenn purchase location.
ice-fang,Ice Fang,True,Ice Fang,Lilycove Dept. Store (4th Floor TM Shop),10000,"$10,000","$10,000",Forum guide states this shop has all TMs in Hoenn (post edited 2026-03-08).,,,,
ice-punch,Ice Punch,True,Ice Punch,Lilycove Dept. Store (4th Floor TM Shop),25000,"$25,000","$25,000",Forum guide states this shop has all TMs in Hoenn (post edited 2026-03-08).,,,,
ice-shard,Ice Shard,False,,,,,,,,,,
ice-spinner,Ice Spinner,False,,,,,,,,,,
icicle-crash,Icicle Crash,False,,,,,,,,,,
icicle-spear,Icicle Spear,True,Icicle Spear,Lilycove Dept. Store (4th Floor TM Shop),15000,"$15,000","$15,000",Forum guide states this shop has all TMs in Hoenn (post edited 2026-03-08).,,,,
icy-wind,Icy Wind,True,Icy Wind,Lilycove Dept. Store (4th Floor TM Shop),20000,"$20,000","$20,000",Forum guide states this shop has all TMs in Hoenn (post edited 2026-03-08).,,,,
imprison,Imprison,True,Imprison,Lilycove Dept. Store (4th Floor TM Shop),20000,"$20,000","$20,000",Forum guide states this shop has all TMs in Hoenn (post edited 2026-03-08).,,,,
incinerate,Incinerate,True,Incinerate,Lilycove Dept. Store (4th Floor TM Shop),10000,"$10,000","$10,000",Forum guide states this shop has all TMs in Hoenn (post edited 2026-03-08).,"Slateport City Pokémon Marts for $10,000",10000,"$10,000",PokeMMO Wiki TM page (2025-03-25 revision) lists this Hoenn purchase location.
inferno,Inferno,False,,,,,,,,,,
infestation,Infestation,False,,,,,,,,,,
ingrain,Ingrain,False,,,,,,,,,,
iron-defense,Iron Defense,True,Iron Defense,Lilycove Dept. Store (4th Floor TM Shop),15000,"$15,000","$15,000",Forum guide states this shop has all TMs in Hoenn (post edited 2026-03-08).,,,,
iron-head,Iron Head,True,Iron Head,Lilycove Dept. Store (4th Floor TM Shop),25000,"$25,000","$25,00",Forum guide states this shop has all TMs in Hoenn (post edited 2026-03-08).,,,,
iron-tail,Iron Tail,True,Iron Tail,Lilycove Dept. Store (4th Floor TM Shop),10000,"$10,000","$10,000",Forum guide states this shop has all TMs in Hoenn (post edited 2026-03-08).,,,,
knock-off,Knock Off,True,Knock Off,Lilycove Dept. Store (4th Floor TM Shop),15000,"$15,000","$15,000",Forum guide states this shop has all TMs in Hoenn (post edited 2026-03-08).,,,,
laser-focus,Laser Focus,False,,,,,,,,,,
lash-out,Lash Out,False,,,,,,,,,,
last-resort,Last Resort,False,,,,,,,,,,
lava-plume,Lava Plume,False,,,,,,,,,,
leaf-blade,Leaf Blade,True,Leaf Blade,Lilycove Dept. Store (4th Floor TM Shop),30000,"$30,000","$30,000",Forum guide states this shop has all TMs in Hoenn (post edited 2026-03-08).,,,,
leaf-storm,Leaf Storm,True,Leaf Storm,Lilycove Dept. Store (4th Floor TM Shop),25000,"$25,000","$25,000",Forum guide states this shop has all TMs in Hoenn (post edited 2026-03-08).,,,,
leaf-tornado,Leaf Tornado,False,,,,,,,,,,
leafage,Leafage,False,,,,,,,,,,
leech-life,Leech Life,True,Leech Life,Lilycove Dept. Store (4th Floor TM Shop),25000,"$25,000","$25,000",Forum guide states this shop has all TMs in Hoenn (post edited 2026-03-08).,,,,
leech-seed,Leech Seed,False,,,,,,,,,,
leer,Leer,False,,,,,,,,,,
lick,Lick,False,,,,,,,,,,
life-dew,Life Dew,False,,,,,,,,,,
light-screen,Light Screen,True,Light Screen,Lilycove Dept. Store (4th Floor TM Shop),20000,"$20,000","$20,000",Forum guide states this shop has all TMs in Hoenn (post edited 2026-03-08).,"Sootopolis City Pokémon Marts for $20,000",20000,"$20,000",PokeMMO Wiki TM page (2025-03-25 revision) lists this Hoenn purchase location.
liquidation,Liquidation,False,,,,,,,,,,
lock-on,Lock On,False,,,,,,,,,,
low-kick,Low Kick,True,Low Kick,Lilycove Dept. Store (4th Floor TM Shop),20000,"$20,000","$20,000",Forum guide states this shop has all TMs in Hoenn (post edited 2026-03-08).,,,,
low-sweep,Low Sweep,True,Low Sweep,Lilycove Dept. Store (4th Floor TM Shop),15000,"$15,000","$15,000",Forum guide states this shop has all TMs in Hoenn (post edited 2026-03-08).,"Slateport City Pokémon Marts for $17,500",17500,"$17,500",PokeMMO Wiki TM page (2025-03-25 revision) lists this Hoenn purchase location.
lucky-chant,Lucky Chant,False,,,,,,,,,,
lunge,Lunge,False,,,,,,,,,,
luster-purge,Luster Purge,False,,,,,,,,,,
mach-punch,Mach Punch,False,,,,,,,,,,
magic-coat,Magic Coat,False,,,,,,,,,,
magic-room,Magic Room,False,,,,,,,,,,
magical-leaf,Magical Leaf,True,Magical Leaf,Lilycove Dept. Store (4th Floor TM Shop),5000,"$5,000","$5,000",Forum guide states this shop has all TMs in Hoenn (post edited 2026-03-08).,,,,
magnet-rise,Magnet Rise,False,,,,,,,,,,
magnitude,Magnitude,False,,,,,,,,,,
me-first,Me First,False,,,,,,,,,,
mean-look,Mean Look,False,,,,,,,,,,
meditate,Meditate,False,,,,,,,,,,
mega-drain,Mega Drain,True,Mega Drain,Lilycove Dept. Store (4th Floor TM Shop),5000,"$5,000","$5,000",Forum guide states this shop has all TMs in Hoenn (post edited 2026-03-08).,,,,
mega-kick,Mega Kick,True,Mega Kick,Lilycove Dept. Store (4th Floor TM Shop),15000,"$15,000","$15,000",Forum guide states this shop has all TMs in Hoenn (post edited 2026-03-08).,,,,
mega-punch,Mega Punch,True,Mega Punch,Lilycove Dept. Store (4th Floor TM Shop),5000,"$5,000","$5,000",Forum guide states this shop has all TMs in Hoenn (post edited 2026-03-08).,,,,
megahorn,Megahorn,True,Megahorn,Lilycove Dept. Store (4th Floor TM Shop),25000,"$25,000","$25,000",Forum guide states this shop has all TMs in Hoenn (post edited 2026-03-08).,,,,
memento,Memento,False,,,,,,,,,,
metal-burst,Metal Burst,False,,,,,,,,,,
metal-claw,Metal Claw,True,Metal Claw,Lilycove Dept. Store (4th Floor TM Shop),5000,"$5,000","$5,000",Forum guide states this shop has all TMs in Hoenn (post edited 2026-03-08).,,,,
metal-sound,Metal Sound,True,Metal Sound,Lilycove Dept. Store (4th Floor TM Shop),5000,"$5,000","$5,000",Forum guide states this shop has all TMs in Hoenn (post edited 2026-03-08).,,,,
meteor-beam,Meteor Beam,False,,,,,,,,,,
meteor-mash,Meteor Mash,False,,,,,,,,,,
metronome,Metronome,True,Metronome,Lilycove Dept. Store (4th Floor TM Shop),10000,"$10,000","$10,000",Forum guide states this shop has all TMs in Hoenn (post edited 2026-03-08).,,,,
mimic,Mimic,True,Mimic,Lilycove Dept. Store (4th Floor TM Shop),5000,"$5,000","$5,000",Forum guide states this shop has all TMs in Hoenn (post edited 2026-03-08).,,,,
mind-reader,Mind Reader,False,,,,,,,,,,
miracle-eye,Miracle Eye,False,,,,,,,,,,
mirror-coat,Mirror Coat,False,,,,,,,,,,
mirror-move,Mirror Move,False,,,,,,,,,,
mist,Mist,False,,,,,,,,,,
mist-ball,Mist Ball,False,,,,,,,,,,
misty-explosion,Misty Explosion,False,,,,,,,,,,
misty-terrain,Misty Terrain,False,,,,,,,,,,
moonblast,Moonblast,False,,,,,,,,,,
moonlight,Moonlight,False,,,,,,,,,,
morning-sun,Morning Sun,False,,,,,,,,,,
mud-bomb,Mud Bomb,False,,,,,,,,,,
mud-shot,Mud Shot,True,Mud Shot,Lilycove Dept. Store (4th Floor TM Shop),5000,"$5,000","$5,000",Forum guide states this shop has all TMs in Hoenn (post edited 2026-03-08).,,,,
mud-slap,Mud Slap,True,Mud-Slap,Lilycove Dept. Store (4th Floor TM Shop),5000,"$5,000","$5,000",Forum guide states this shop has all TMs in Hoenn (post edited 2026-03-08).,,,,
mud-sport,Mud Sport,False,,,,,,,,,,
muddy-water,Muddy Water,True,Muddy Water,Lilycove Dept. Store (4th Floor TM Shop),25000,"$25,000","$25,000",Forum guide states this shop has all TMs in Hoenn (post edited 2026-03-08).,,,,
mystical-fire,Mystical Fire,False,,,,,,,,,,
nasty-plot,Nasty Plot,True,Nasty Plot,Lilycove Dept. Store (4th Floor TM Shop),30000,"$30,000","$30,000",Forum guide states this shop has all TMs in Hoenn (post edited 2026-03-08).,,,,
natural-gift,Natural Gift,True,Natural Gift,Lilycove Dept. Store (4th Floor TM Shop),15000,"$15,000","$15,000",Forum guide states this shop has all TMs in Hoenn (post edited 2026-03-08).,,,,
nature-power,Nature Power,True,Nature Power,Lilycove Dept. Store (4th Floor TM Shop),15000,"$15,000","$15,000",Forum guide states this shop has all TMs in Hoenn (post edited 2026-03-08).,,,,
needle-arm,Needle Arm,False,,,,,,,,,,
night-shade,Night Shade,True,Night Shade,Lilycove Dept. Store (4th Floor TM Shop),15000,"$15,000","$15,000",Forum guide states this shop has all TMs in Hoenn (post edited 2026-03-08).,,,,
night-slash,Night Slash,True,Night Slash,Lilycove Dept. Store (4th Floor TM Shop),15000,"$15,000","$15,000",Forum guide states this shop has all TMs in Hoenn (post edited 2026-03-08).,,,,
nightmare,Nightmare,False,,,,,,,,,,
noble-roar,Noble Roar,False,,,,,,,,,,
nuzzle,Nuzzle,False,,,,,,,,,,
odor-sleuth,Odor Sleuth,False,,,,,,,,,,
ominous-wind,Ominous Wind,True,Ominous Wind,Lilycove Dept. Store (4th Floor TM Shop),10000,"$10,000","$10,000",Forum guide states this shop has all TMs in Hoenn (post edited 2026-03-08).,,,,
origin-pulse,Origin Pulse,False,,,,,,,,,,
outrage,Outrage,True,Outrage,Lilycove Dept. Store (4th Floor TM Shop),20000,"$20,000","$20,000",Forum guide states this shop has all TMs in Hoenn (post edited 2026-03-08).,,,,
overheat,Overheat,True,Overheat,Lilycove Dept. Store (4th Floor TM Shop),25000,"$25,000","$25,000",Forum guide states this shop has all TMs in Hoenn (post edited 2026-03-08).,"Fortree City Pokémon Marts for $20,000",20000,"$20,000",PokeMMO Wiki TM page (2025-03-25 revision) lists this Hoenn purchase location.
pain-split,Pain Split,True,Pain Split,Lilycove Dept. Store (4th Floor TM Shop),15000,"$15,000","$15,000",Forum guide states this shop has all TMs in Hoenn (post edited 2026-03-08).,,,,
payback,Payback,True,Payback,Lilycove Dept. Store (4th Floor TM Shop),20000,"$20,000","$20,000",Forum guide states this shop has all TMs in Hoenn (post edited 2026-03-08).,"Fortree City Pokémon Marts for $17,500",17500,"$17,500",PokeMMO Wiki TM page (2025-03-25 revision) lists this Hoenn purchase location.
peck,Peck,False,,,,,,,,,,
perish-song,Perish Song,False,,,,,,,,,,
petal-blizzard,Petal Blizzard,False,,,,,,,,,,
petal-dance,Petal Dance,True,Petal Dance,Lilycove Dept. Store (4th Floor TM Shop),20000,"$20,000","$20,000",Forum guide states this shop has all TMs in Hoenn (post edited 2026-03-08).,,,,
phantom-force,Phantom Force,False,,,,,,,,,,
pin-missile,Pin Missile,True,Pin Missile,Lilycove Dept. Store (4th Floor TM Shop),15000,"$15,000","$15,000",Forum guide states this shop has all TMs in Hoenn (post edited 2026-03-08).,,,,
play-nice,Play Nice,False,,,,,,,,,,
play-rough,Play Rough,False,,,,,,,,,,
pluck,Pluck,True,Pluck,Lilycove Dept. Store (4th Floor TM Shop),10000,"$10,000","$10,000",Forum guide states this shop has all TMs in Hoenn (post edited 2026-03-08).,"Slateport City Pokémon Marts for $12,500",12500,"$12,500",PokeMMO Wiki TM page (2025-03-25 revision) lists this Hoenn purchase location.
poison-fang,Poison Fang,True,Poison Fang,Lilycove Dept. Store (4th Floor TM Shop),5000,"$5,000","$5,000",Forum guide states this shop has all TMs in Hoenn (post edited 2026-03-08).,,,,
poison-gas,Poison Gas,False,,,,,,,,,,
poison-jab,Poison Jab,True,Poison Jab,Lilycove Dept. Store (4th Floor TM Shop),25000,"$25,000","$25,000",Forum guide states this shop has all TMs in Hoenn (post edited 2026-03-08).,"Fortree City Pokémon Marts for $17,500",17500,"$17,500",PokeMMO Wiki TM page (2025-03-25 revision) lists this Hoenn purchase location.
poison-powder,Poison Powder,False,,,,,,,,,,
poison-sting,Poison Sting,False,,,,,,,,,,
poison-tail,Poison Tail,True,Poison Tail,Lilycove Dept. Store (4th Floor TM Shop),5000,"$5,000","$5,000",Forum guide states this shop has all TMs in Hoenn (post edited 2026-03-08).,,,,
poltergeist,Poltergeist,False,,,,,,,,,,
pounce,Pounce,False,,,,,,,,,,
pound,Pound,False,,,,,,,,,,
powder-snow,Powder Snow,False,,,,,,,,,,
power-gem,Power Gem,True,Power Gem,Lilycove Dept. Store (4th Floor TM Shop),15000,"$15,000","$15,000",Forum guide states this shop has all TMs in Hoenn (post edited 2026-03-08).,,,,
power-split,Power Split,False,,,,,,,,,,
power-swap,Power Swap,True,Power Swap,Lilycove Dept. Store (4th Floor TM Shop),10000,"$10,000","$10,000",Forum guide states this shop has all TMs in Hoenn (post edited 2026-03-08).,,,,
power-trick,Power Trick,False,,,,,,,,,,
power-trip,Power Trip,False,,,,,,,,,,
power-up-punch,Power Up Punch,False,,,,,,,,,,
power-whip,Power Whip,True,Power Whip,Lilycove Dept. Store (4th Floor TM Shop),25000,"$25,000","$25,000",Forum guide states this shop has all TMs in Hoenn (post edited 2026-03-08).,,,,
precipice-blades,Precipice Blades,False,,,,,,,,,,
present,Present,False,,,,,,,,,,
protect,Protect,True,Protect,Lilycove Dept. Store (4th Floor TM Shop),20000,"$20,000","$20,000",Forum guide states this shop has all TMs in Hoenn (post edited 2026-03-08).,"Slateport City Pokémon Marts for $25,000",25000,"$25,000",PokeMMO Wiki TM page (2025-03-25 revision) lists this Hoenn purchase location.
psybeam,Psybeam,True,psybeam,Lilycove Dept. Store (4th Floor TM Shop),5000,"$5,000","$5,000",Forum guide states this shop has all TMs in Hoenn (post edited 2026-03-08).,,,,
psych-up,Psych Up,True,Psych Up,Lilycove Dept. Store (4th Floor TM Shop),5000,"$5,000","$5,000",Forum guide states this shop has all TMs in Hoenn (post edited 2026-03-08).,"Fortree City Pokémon Marts for $12,500",12500,"$12,500",PokeMMO Wiki TM page (2025-03-25 revision) lists this Hoenn purchase location.
psychic,Psychic,True,psychic,Lilycove Dept. Store (4th Floor TM Shop),30000,"$30,000","$30,000",Forum guide states this shop has all TMs in Hoenn (post edited 2026-03-08).,"Sootopolis City Pokémon Marts for $30,000",30000,"$30,000",PokeMMO Wiki TM page (2025-03-25 revision) lists this Hoenn purchase location.
psychic-fangs,Psychic Fangs,False,,,,,,,,,,
psychic-noise,Psychic Noise,False,,,,,,,,,,
psychic-terrain,Psychic Terrain,False,,,,,,,,,,
psycho-boost,Psycho Boost,False,,,,,,,,,,
psycho-cut,Psycho Cut,True,Psycho Cut,Lilycove Dept. Store (4th Floor TM Shop),15000,"$15,000","$15,000",Forum guide states this shop has all TMs in Hoenn (post edited 2026-03-08).,,,,
psycho-shift,Psycho Shift,False,,,,,,,,,,
psyshock,Psyshock,True,Psyshock,Lilycove Dept. Store (4th Floor TM Shop),25000,"$25,000","$25,000",Forum guide states this shop has all TMs in Hoenn (post edited 2026-03-08).,"Sootopolis City Pokémon Marts for $25,000",25000,"$25,000",PokeMMO Wiki TM page (2025-03-25 revision) lists this Hoenn purchase location.
psywave,Psywave,True,Psywave,Lilycove Dept. Store (4th Floor TM Shop),10000,"$10,000","$10,000",Forum guide states this shop has all TMs in Hoenn (post edited 2026-03-08).,,,,
punishment,Punishment,False,,,,,,,,,,
pursuit,Pursuit,False,,,,,,,,,,
quash,Quash,True,Quash,Lilycove Dept. Store (4th Floor TM Shop),5000,"$5,000","$5,000",Forum guide states this shop has all TMs in Hoenn (post edited 2026-03-08).,"Fortree City Pokémon Marts for $12,500",12500,"$12,500",PokeMMO Wiki TM page (2025-03-25 revision) lists this Hoenn purchase location.
quick-attack,Quick Attack,False,,,,,,,,,,
quick-guard,Quick Guard,False,,,,,,,,,,
quiver-dance,Quiver Dance,False,,,,,,,,,,
rage,Rage,True,Rage,Lilycove Dept. Store (4th Floor TM Shop),2500,"$2,500","$2,500",Forum guide states this shop has all TMs in Hoenn (post edited 2026-03-08).,,,,
rain-dance,Rain Dance,True,Rain Dance,Lilycove Dept. Store (4th Floor TM Shop),15000,"$15,000","$15,000",Forum guide states this shop has all TMs in Hoenn (post edited 2026-03-08).,"Fortree City Pokémon Marts for $17,500",17500,"$17,500",PokeMMO Wiki TM page (2025-03-25 revision) lists this Hoenn purchase location.
rapid-spin,Rapid Spin,False,,,,,,,,,,
razor-leaf,Razor Leaf,False,,,,,,,,,,
razor-shell,Razor Shell,True,Razor Shell,Lilycove Dept. Store (4th Floor TM Shop),15000,"$15,000","$15,000",Forum guide states this shop has all TMs in Hoenn (post edited 2026-03-08).,,,,
razor-wind,Razor Wind,True,Razor Wind,Lilycove Dept. Store (4th Floor TM Shop),5000,"$5,000","$5,000",Forum guide states this shop has all TMs in Hoenn (post edited 2026-03-08).,,,,
recover,Recover,False,,,,,,,,,,
recycle,Recycle,True,Recycle,Lilycove Dept. Store (4th Floor TM Shop),10000,"$10,000","$10,000",Forum guide states this shop has all TMs in Hoenn (post edited 2026-03-08).,,,,
reflect,Reflect,True,Reflect,Lilycove Dept. Store (4th Floor TM Shop),20000,"$20,000","$20,000",Forum guide states this shop has all TMs in Hoenn (post edited 2026-03-08).,"Sootopolis City Pokémon Marts for $20,000",20000,"$20,000",PokeMMO Wiki TM page (2025-03-25 revision) lists this Hoenn purchase location.
reflect-type,Reflect Type,False,,,,,,,,,,
refresh,Refresh,False,,,,,,,,,,
rest,Rest,True,Rest,Lilycove Dept. Store (4th Floor TM Shop),20000,"$20,000","$20,000",Forum guide states this shop has all TMs in Hoenn (post edited 2026-03-08).,"Fortree City Pokémon Marts for $25,000",25000,"$25,000",PokeMMO Wiki TM page (2025-03-25 revision) lists this Hoenn purchase location.
retaliate,Retaliate,True,Retaliate,Lilycove Dept. Store (4th Floor TM Shop),15000,"$15,000","$15,000",Forum guide states this shop has all TMs in Hoenn (post edited 2026-03-08).,"Fortree City Pokémon Marts for $12,500",12500,"$12,500",PokeMMO Wiki TM page (2025-03-25 revision) lists this Hoenn purchase location.
return,Return,True,Return,Lilycove Dept. Store (4th Floor TM Shop),20000,"$20,000","$20,000",Forum guide states this shop has all TMs in Hoenn (post edited 2026-03-08).,"Sootopolis City Pokémon Marts for $20,000",20000,"$20,000",PokeMMO Wiki TM page (2025-03-25 revision) lists this Hoenn purchase location.
revenge,Revenge,True,Revenge,Lilycove Dept. Store (4th Floor TM Shop),20000,"$20,000","$20,000",Forum guide states this shop has all TMs in Hoenn (post edited 2026-03-08).,,,,
reversal,Reversal,True,Reversal,Lilycove Dept. Store (4th Floor TM Shop),20000,"$20,000","$20,000",Forum guide states this shop has all TMs in Hoenn (post edited 2026-03-08).,,,,
rising-voltage,Rising Voltage,False,,,,,,,,,,
roar,Roar,True,Roar,Lilycove Dept. Store (4th Floor TM Shop),20000,"$20,000","$20,000",Forum guide states this shop has all TMs in Hoenn (post edited 2026-03-08).,"Slateport City Pokémon Marts for $25,000",25000,"$25,000",PokeMMO Wiki TM page (2025-03-25 revision) lists this Hoenn purchase location.
rock-blast,Rock Blast,True,Rock Blast,Lilycove Dept. Store (4th Floor TM Shop),15000,"$15,000","$15,000",Forum guide states this shop has all TMs in Hoenn (post edited 2026-03-08).,,,,
rock-climb,Rock Climb,False,,,,,,,,,,
rock-polish,Rock Polish,True,Rock Polish,Lilycove Dept. Store (4th Floor TM Shop),20000,"$20,000","$20,000",Forum guide states this shop has all TMs in Hoenn (post edited 2026-03-08).,"Fortree City Pokémon Marts for $17,500",17500,"$17,500",PokeMMO Wiki TM page (2025-03-25 revision) lists this Hoenn purchase location.
rock-slide,Rock Slide,True,Rock Slide,Lilycove Dept. Store (4th Floor TM Shop),15000,"$15,000","$15,000",Forum guide states this shop has all TMs in Hoenn (post edited 2026-03-08).,"Fortree City Pokémon Marts for $17,500",17500,"$17,500",PokeMMO Wiki TM page (2025-03-25 revision) lists this Hoenn purchase location.
rock-smash,Rock Smash,False,,,,,,,,,,
rock-throw,Rock Throw,False,,,,,,,,,,
rock-tomb,Rock Tomb,True,Rock Tomb,Lilycove Dept. Store (4th Floor TM Shop),15000,"$15,000","$15,000",Forum guide states this shop has all TMs in Hoenn (post edited 2026-03-08).,"Slateport City Pokémon Marts for $12,500",12500,"$12,500",PokeMMO Wiki TM page (2025-03-25 revision) lists this Hoenn purchase location.
role-play,Role Play,False,,,,,,,,,,
rollout,Rollout,True,Rollout,Lilycove Dept. Store (4th Floor TM Shop),5000,"$5,000","$5,000",Forum guide states this shop has all TMs in Hoenn (post edited 2026-03-08).,,,,
roost,Roost,True,Roost,Lilycove Dept. Store (4th Floor TM Shop),30000,"$30,000","$30,000",Forum guide states this shop has all TMs in Hoenn (post edited 2026-03-08).,,,,
rototiller,Rototiller,False,,,,,,,,,,
round,Round,True,Round,Lilycove Dept. Store (4th Floor TM Shop),5000,"$5,000","$5,000",Forum guide states this shop has all TMs in Hoenn (post edited 2026-03-08).,"Slateport City Pokémon Marts for $10,000",10000,"$10,000",PokeMMO Wiki TM page (2025-03-25 revision) lists this Hoenn purchase location.
safeguard,Safeguard,True,Safeguard,Lilycove Dept. Store (4th Floor TM Shop),20000,"$20,000","$20,000",Forum guide states this shop has all TMs in Hoenn (post edited 2026-03-08).,"Slateport City Pokémon Marts for $12,500",12500,"$12,500",PokeMMO Wiki TM page (2025-03-25 revision) lists this Hoenn purchase location.
sand-attack,Sand Attack,False,,,,,,,,,,
sand-tomb,Sand Tomb,True,Sand Tomb,Lilycove Dept. Store (4th Floor TM Shop),10000,"$10,000","$10,000",Forum guide states this shop has all TMs in Hoenn (post edited 2026-03-08).,,,,
sandstorm,Sandstorm,True,Sandstorm,Lilycove Dept. Store (4th Floor TM Shop),15000,"$15,000","$15,000",Forum guide states this shop has all TMs in Hoenn (post edited 2026-03-08).,"Slateport City Pokémon Marts for $10,000",10000,"$10,000",PokeMMO Wiki TM page (2025-03-25 revision) lists this Hoenn purchase location.
scald,Scald,True,Scald,Lilycove Dept. Store (4th Floor TM Shop),25000,"$25,000","$25,000",Forum guide states this shop has all TMs in Hoenn (post edited 2026-03-08).,"Sootopolis City Pokémon Marts for $25,000",25000,"$25,000",PokeMMO Wiki TM page (2025-03-25 revision) lists this Hoenn purchase location.
scale-shot,Scale Shot,False,,,,,,,,,,
scary-face,Scary Face,True,Scary Face,Lilycove Dept. Store (4th Floor TM Shop),5000,"$5,000","$5,000",Forum guide states this shop has all TMs in Hoenn (post edited 2026-03-08).,,,,
scorching-sands,Scorching Sands,False,,,,,,,,,,
scratch,Scratch,False,,,,,,,,,,
screech,Screech,True,Screech,Lilycove Dept. Store (4th Floor TM Shop),5000,"$5,000","$5,000",Forum guide states this shop has all TMs in Hoenn (post edited 2026-03-08).,,,,
secret-power,Secret Power,True,Secret Power,Lilycove Dept. Store (4th Floor TM Shop),15000,"$15,000","$15,000",Forum guide states this shop has all TMs in Hoenn (post edited 2026-03-08).,"Slateport City Secret Power group member who appears after the TM on Route 111 is given, for $10,000",10000,"$10,000",PokeMMO Wiki TM page (2025-03-25 revision) lists this Hoenn purchase location.
seed-bomb,Seed Bomb,True,Seed Bomb,Lilycove Dept. Store (4th Floor TM Shop),25000,"$25,000","$25,000",Forum guide states this shop has all TMs in Hoenn (post edited 2026-03-08).,,,,
seismic-toss,Seismic Toss,True,Seismic Toss,Lilycove Dept. Store (4th Floor TM Shop),15000,"$15,000","$15,000",Forum guide states this shop has all TMs in Hoenn (post edited 2026-03-08).,,,,
self-destruct,Self Destruct,True,Selfdestruct,Lilycove Dept. Store (4th Floor TM Shop),25000,"$25,000","$25,000",Forum guide states this shop has all TMs in Hoenn (post edited 2026-03-08).,,,,
shadow-ball,Shadow Ball,True,Shadow Ball,Lilycove Dept. Store (4th Floor TM Shop),25000,"$25,000","$25,000",Forum guide states this shop has all TMs in Hoenn (post edited 2026-03-08).,"Sootopolis City Pokémon Marts for $25,000",25000,"$25,000",PokeMMO Wiki TM page (2025-03-25 revision) lists this Hoenn purchase location.
shadow-claw,Shadow Claw,True,Shadow Claw,Lilycove Dept. Store (4th Floor TM Shop),15000,"$15,000","$15,000",Forum guide states this shop has all TMs in Hoenn (post edited 2026-03-08).,"Fortree City Pokémon Marts for $17,500",17500,"$17,500",PokeMMO Wiki TM page (2025-03-25 revision) lists this Hoenn purchase location.
shadow-punch,Shadow Punch,True,Shadow Punch,Lilycove Dept. Store (4th Floor TM Shop),5000,"$5,000","$5,000",Forum guide states this shop has all TMs in Hoenn (post edited 2026-03-08).,,,,
shadow-sneak,Shadow Sneak,False,,,,,,,,,,
shed-tail,Shed Tail,False,,,,,,,,,,
sheer-cold,Sheer Cold,True,Sheer Cold,Lilycove Dept. Store (4th Floor TM Shop),10000,"$10,000","$10,000",Forum guide states this shop has all TMs in Hoenn (post edited 2026-03-08).,,,,
shell-smash,Shell Smash,False,,,,,,,,,,
shock-wave,Shock Wave,True,Shock Wave,Lilycove Dept. Store (4th Floor TM Shop),5000,"$5,000","$5,000",Forum guide states this shop has all TMs in Hoenn (post edited 2026-03-08).,,,,
signal-beam,Signal Beam,False,,,,,,,,,,
silver-wind,Silver Wind,True,Silver Wind,Lilycove Dept. Store (4th Floor TM Shop),10000,"$10,000","$10,000",Forum guide states this shop has all TMs in Hoenn (post edited 2026-03-08).,,,,
simple-beam,Simple Beam,False,,,,,,,,,,
sing,Sing,True,Sing,Lilycove Dept. Store (4th Floor TM Shop),10000,"$10,000","$10,000",Forum guide states this shop has all TMs in Hoenn (post edited 2026-03-08).,,,,
skill-swap,Skill Swap,True,Skill Swap,Lilycove Dept. Store (4th Floor TM Shop),20000,"$20,000","$20,000",Forum guide states this shop has all TMs in Hoenn (post edited 2026-03-08).,,,,
skitter-smack,Skitter Smack,False,,,,,,,,,,
skull-bash,Skull Bash,True,Skull Bash,Lilycove Dept. Store (4th Floor TM Shop),10000,"$10,000","$10,000",Forum guide states this shop has all TMs in Hoenn (post edited 2026-03-08).,,,,
sky-attack,Sky Attack,True,Sky Attack,Lilycove Dept. Store (4th Floor TM Shop),10000,"$10,000","$10,000",Forum guide states this shop has all TMs in Hoenn (post edited 2026-03-08).,,,,
sky-drop,Sky Drop,True,Sky Drop,Lilycove Dept. Store (4th Floor TM Shop),20000,"$20,000","$20,000",Forum guide states this shop has all TMs in Hoenn (post edited 2026-03-08).,"Slateport City Pokémon Marts for $12,500",12500,"$12,500",PokeMMO Wiki TM page (2025-03-25 revision) lists this Hoenn purchase location.
sky-uppercut,Sky Uppercut,False,,,,,,,,,,
slack-off,Slack Off,False,,,,,,,,,,
slam,Slam,False,,,,,,,,,,
slash,Slash,False,,,,,,,,,,
sleep-powder,Sleep Powder,False,,,,,,,,,,
sleep-talk,Sleep Talk,True,Sleep Talk,Lilycove Dept. Store (4th Floor TM Shop),20000,"$20,000","$20,000",Forum guide states this shop has all TMs in Hoenn (post edited 2026-03-08).,,,,
sludge,Sludge,False,,,,,,,,,,
sludge-bomb,Sludge Bomb,True,Sludge Bomb,Lilycove Dept. Store (4th Floor TM Shop),30000,"$30,000","$30,000",Forum guide states this shop has all TMs in Hoenn (post edited 2026-03-08).,"Sootopolis City Pokémon Marts for $30,000",30000,"$30,000",PokeMMO Wiki TM page (2025-03-25 revision) lists this Hoenn purchase location.
sludge-wave,Sludge Wave,True,Sludge Wave,Lilycove Dept. Store (4th Floor TM Shop),30000,"$30,000","$30,000",Forum guide states this shop has all TMs in Hoenn (post edited 2026-03-08).,"Sootopolis City Pokémon Marts for $30,000",30000,"$30,000",PokeMMO Wiki TM page (2025-03-25 revision) lists this Hoenn purchase location.
smack-down,Smack Down,True,Smack Down,Lilycove Dept. Store (4th Floor TM Shop),5000,"$5,000","$5,000",Forum guide states this shop has all TMs in Hoenn (post edited 2026-03-08).,"Slateport City Pokémon Marts for $12,500",12500,"$12,500",PokeMMO Wiki TM page (2025-03-25 revision) lists this Hoenn purchase location.
smart-strike,Smart Strike,False,,,,,,,,,,
smelling-salts,Smelling Salts,False,,,,,,,,,,
smog,Smog,False,,,,,,,,,,
smokescreen,Smokescreen,False,,,,,,,,,,
snarl,Snarl,True,Snarl,Lilycove Dept. Store (4th Floor TM Shop),15000,"$15,000","$15,000",Forum guide states this shop has all TMs in Hoenn (post edited 2026-03-08).,"Slateport City Pokémon Marts for $12,500",12500,"$12,500",PokeMMO Wiki TM page (2025-03-25 revision) lists this Hoenn purchase location.
snatch,Snatch,True,Snatch,Lilycove Dept. Store (4th Floor TM Shop),5000,"$5,000","$5,000",Forum guide states this shop has all TMs in Hoenn (post edited 2026-03-08).,,,,
snore,Snore,False,,,,,,,,,,
snowscape,Snowscape,False,,,,,,,,,,
soak,Soak,False,,,,,,,,,,
solar-beam,Solar Beam,True,SolarBeam,Lilycove Dept. Store (4th Floor TM Shop),15000,"$15,000","$15,000",Forum guide states this shop has all TMs in Hoenn (post edited 2026-03-08).,"Fortree City Pokémon Marts for $17,500",17500,"$17,500",PokeMMO Wiki TM page (2025-03-25 revision) lists this Hoenn purchase location.
solar-blade,Solar Blade,False,,,,,,,,,,
sonic-boom,Sonic Boom,False,,,,,,,,,,
spark,Spark,False,,,,,,,,,,
spikes,Spikes,True,Spikes,Lilycove Dept. Store (4th Floor TM Shop),30000,"$30,000","$30,000",Forum guide states this shop has all TMs in Hoenn (post edited 2026-03-08).,,,,
spiky-shield,Spiky Shield,False,,,,,,,,,,
spit-up,Spit Up,False,,,,,,,,,,
spite,Spite,True,Spite,Lilycove Dept. Store (4th Floor TM Shop),5000,"$5,000","$5,000",Forum guide states this shop has all TMs in Hoenn (post edited 2026-03-08).,,,,
splash,Splash,False,,,,,,,,,,
spore,Spore,False,,,,,,,,,,
spotlight,Spotlight,False,,,,,,,,,,
stealth-rock,Stealth Rock,True,Stealth Rock,Lilycove Dept. Store (4th Floor TM Shop),30000,"$30,000","$30,000",Forum guide states this shop has all TMs in Hoenn (post edited 2026-03-08).,,,,
steel-beam,Steel Beam,False,,,,,,,,,,
steel-roller,Steel Roller,False,,,,,,,,,,
steel-wing,Steel Wing,True,Steel Wing,Lilycove Dept. Store (4th Floor TM Shop),10000,"$10,000","$10,000",Forum guide states this shop has all TMs in Hoenn (post edited 2026-03-08).,,,,
sticky-web,Sticky Web,False,,,,,,,,,,
stockpile,Stockpile,False,,,,,,,,,,
stomp,Stomp,False,,,,,,,,,,
stomping-tantrum,Stomping Tantrum,False,,,,,,,,,,
stone-edge,Stone Edge,True,Stone Edge,Lilycove Dept. Store (4th Floor TM Shop),25000,"$25,000","$25,000",Forum guide states this shop has all TMs in Hoenn (post edited 2026-03-08).,"Sootopolis City Pokémon Marts for $25,000",25000,"$25,000",PokeMMO Wiki TM page (2025-03-25 revision) lists this Hoenn purchase location.
stored-power,Stored Power,True,Stored Power,Lilycove Dept. Store (4th Floor TM Shop),20000,"$20,000","$20,000",Forum guide states this shop has all TMs in Hoenn (post edited 2026-03-08).,,,,
strength,Strength,False,,,,,,,,,,
string-shot,String Shot,False,,,,,,,,,,
struggle-bug,Struggle Bug,True,Struggle Bug,Lilycove Dept. Store (4th Floor TM Shop),15000,"$15,000","$15,000",Forum guide states this shop has all TMs in Hoenn (post edited 2026-03-08).,"Slateport City Pokémon Marts for $12,500",12500,"$12,500",PokeMMO Wiki TM page (2025-03-25 revision) lists this Hoenn purchase location.
stuff-cheeks,Stuff Cheeks,False,,,,,,,,,,
stun-spore,Stun Spore,False,,,,,,,,,,
substitute,Substitute,True,Substitute,Lilycove Dept. Store (4th Floor TM Shop),30000,"$30,000","$30,000",Forum guide states this shop has all TMs in Hoenn (post edited 2026-03-08).,"Sootopolis City Pokémon Marts for $30,000",30000,"$30,000",PokeMMO Wiki TM page (2025-03-25 revision) lists this Hoenn purchase location.
sucker-punch,Sucker Punch,False,,,,,,,,,,
sunny-day,Sunny Day,True,Sunny Day,Lilycove Dept. Store (4th Floor TM Shop),15000,"$15,000","$15,000",Forum guide states this shop has all TMs in Hoenn (post edited 2026-03-08).,"Fortree City Pokémon Marts for $12,500",12500,"$12,500",PokeMMO Wiki TM page (2025-03-25 revision) lists this Hoenn purchase location.
super-fang,Super Fang,True,Super Fang,Lilycove Dept. Store (4th Floor TM Shop),20000,"$20,000","$20,000",Forum guide states this shop has all TMs in Hoenn (post edited 2026-03-08).,,,,
superpower,Superpower,True,Superpower,Lilycove Dept. Store (4th Floor TM Shop),10000,"$10,000","$10,000",Forum guide states this shop has all TMs in Hoenn (post edited 2026-03-08).,,,,
supersonic,Supersonic,False,,,,,,,,,,
surf,Surf,False,,,,,,,,,,
swagger,Swagger,True,Swagger,Lilycove Dept. Store (4th Floor TM Shop),20000,"$20,000","$20,000",Forum guide states this shop has all TMs in Hoenn (post edited 2026-03-08).,"Fortree City Pokémon Marts for $12,500",12500,"$12,500",PokeMMO Wiki TM page (2025-03-25 revision) lists this Hoenn purchase location.
swallow,Swallow,False,,,,,,,,,,
sweet-kiss,Sweet Kiss,False,,,,,,,,,,
sweet-scent,Sweet Scent,True,Sweet Scent,Lilycove Dept. Store (4th Floor TM Shop),10000,"$10,000","$10,000",Forum guide states this shop has all TMs in Hoenn (post edited 2026-03-08).,,,,
swift,Swift,True,Swift,Lilycove Dept. Store (4th Floor TM Shop),10000,"$10,000","$10,000",Forum guide states this shop has all TMs in Hoenn (post edited 2026-03-08).,,,,
switcheroo,Switcheroo,False,,,,,,,,,,
swords-dance,Swords Dance,True,Swords Dance,Lilycove Dept. Store (4th Floor TM Shop),30000,"$30,000","$30,000",Forum guide states this shop has all TMs in Hoenn (post edited 2026-03-08).,"Sootopolis City Pokémon Marts for $30,000",30000,"$30,000",PokeMMO Wiki TM page (2025-03-25 revision) lists this Hoenn purchase location.
synchronoise,Synchronoise,False,,,,,,,,,,
synthesis,Synthesis,False,,,,,,,,,,
tackle,Tackle,False,,,,,,,,,,
tail-glow,Tail Glow,False,,,,,,,,,,
tail-slap,Tail Slap,True,Tail Slap,Lilycove Dept. Store (4th Floor TM Shop),15000,"$15,000","$15,000",Forum guide states this shop has all TMs in Hoenn (post edited 2026-03-08).,,,,
tail-whip,Tail Whip,False,,,,,,,,,,
tailwind,Tailwind,True,Tailwind,Lilycove Dept. Store (4th Floor TM Shop),20000,"$20,000","$20,000",Forum guide states this shop has all TMs in Hoenn (post edited 2026-03-08).,,,,
take-down,Take Down,True,Take Down,Lilycove Dept. Store (4th Floor TM Shop),10000,"$10,000","$10,000",Forum guide states this shop has all TMs in Hoenn (post edited 2026-03-08).,,,,
taunt,Taunt,True,Taunt,Lilycove Dept. Store (4th Floor TM Shop),20000,"$20,000","$20,000",Forum guide states this shop has all TMs in Hoenn (post edited 2026-03-08).,"Fortree City Pokémon Marts for $17,500",17500,"$17,500",PokeMMO Wiki TM page (2025-03-25 revision) lists this Hoenn purchase location.
tearful-look,Tearful Look,False,,,,,,,,,,
teeter-dance,Teeter Dance,False,,,,,,,,,,
telekinesis,Telekinesis,True,Telekinesis,Lilycove Dept. Store (4th Floor TM Shop),5000,"$5,000","$5,000",Forum guide states this shop has all TMs in Hoenn (post edited 2026-03-08).,"Slateport City Pokémon Marts for $10,000",10000,"$10,000",PokeMMO Wiki TM page (2025-03-25 revision) lists this Hoenn purchase location.
teleport,Teleport,True,Teleport,Lilycove Dept. Store (4th Floor TM Shop),10000,"$10,000","$10,000",Forum guide states this shop has all TMs in Hoenn (post edited 2026-03-08).,,,,
temper-flare,Temper Flare,False,,,,,,,,,,
tera-blast,Tera Blast,False,,,,,,,,,,
terrain-pulse,Terrain Pulse,False,,,,,,,,,,
thief,Thief,True,Thief,Lilycove Dept. Store (4th Floor TM Shop),10000,"$10,000","$10,000",Forum guide states this shop has all TMs in Hoenn (post edited 2026-03-08).,"Slateport City Pokémon Marts for $10,000",10000,"$10,000",PokeMMO Wiki TM page (2025-03-25 revision) lists this Hoenn purchase location.
thrash,Thrash,False,,,,,,,,,,
throat-chop,Throat Chop,False,,,,,,,,,,
thunder,Thunder,True,Thunder,Lilycove Dept. Store (4th Floor TM Shop),25000,"$25,000","$25,000",Forum guide states this shop has all TMs in Hoenn (post edited 2026-03-08).,"Sootopolis City Pokémon Marts for $25,000",25000,"$25,000",PokeMMO Wiki TM page (2025-03-25 revision) lists this Hoenn purchase location.
thunder-fang,Thunder Fang,True,Thunder Fang,Lilycove Dept. Store (4th Floor TM Shop),10000,"$10,000","$10,000",Forum guide states this shop has all TMs in Hoenn (post edited 2026-03-08).,,,,
thunder-punch,Thunder Punch,True,ThunderPunch,Lilycove Dept. Store (4th Floor TM Shop),25000,"$25,000","$25,000",Forum guide states this shop has all TMs in Hoenn (post edited 2026-03-08).,,,,
thunder-wave,Thunder Wave,True,Thunder Wave,Lilycove Dept. Store (4th Floor TM Shop),25000,"$25,000","$25,000",Forum guide states this shop has all TMs in Hoenn (post edited 2026-03-08).,"Sootopolis City Pokémon Marts for $25,000",25000,"$25,000",PokeMMO Wiki TM page (2025-03-25 revision) lists this Hoenn purchase location.
thunderbolt,Thunderbolt,True,Thunderbolt,Lilycove Dept. Store (4th Floor TM Shop),30000,"$30,000","$30,000",Forum guide states this shop has all TMs in Hoenn (post edited 2026-03-08).,"Mauville City Game Corners for 6,000 coins",,"6,000 coins",PokeMMO Wiki TM page (2025-03-25 revision) lists this Hoenn purchase location.
tickle,Tickle,False,,,,,,,,,,
torment,Torment,True,Torment,Lilycove Dept. Store (4th Floor TM Shop),5000,"$5,000","$5,000",Forum guide states this shop has all TMs in Hoenn (post edited 2026-03-08).,"Fortree City Pokémon Marts for $12,500",12500,"$12,500",PokeMMO Wiki TM page (2025-03-25 revision) lists this Hoenn purchase location.
toxic,Toxic,True,Toxic,Lilycove Dept. Store (4th Floor TM Shop),25000,"$25,000","$25,000",Forum guide states this shop has all TMs in Hoenn (post edited 2026-03-08).,"Sootopolis City Pokémon Marts for $25,000",25000,"$25,000",PokeMMO Wiki TM page (2025-03-25 revision) lists this Hoenn purchase location.
toxic-spikes,Toxic Spikes,True,Toxic Spikes,Lilycove Dept. Store (4th Floor TM Shop),30000,"$30,000","$30,000",Forum guide states this shop has all TMs in Hoenn (post edited 2026-03-08).,,,,
trailblaze,Trailblaze,False,,,,,,,,,,
tri-attack,Tri Attack,True,Tri Attack,Lilycove Dept. Store (4th Floor TM Shop),25000,"$25,000","$25,000",Forum guide states this shop has all TMs in Hoenn (post edited 2026-03-08).,,,,
trick,Trick,True,Trick,Lilycove Dept. Store (4th Floor TM Shop),20000,"$20,000","$20,000",Forum guide states this shop has all TMs in Hoenn (post edited 2026-03-08).,,,,
trick-room,Trick Room,True,Trick Room,Lilycove Dept. Store (4th Floor TM Shop),20000,"$20,000","$20,000",Forum guide states this shop has all TMs in Hoenn (post edited 2026-03-08).,"Sootopolis City Pokémon Marts for $20,000",20000,"$20,000",PokeMMO Wiki TM page (2025-03-25 revision) lists this Hoenn purchase location.
triple-axel,Triple Axel,False,,,,,,,,,,
trump-card,Trump Card,False,,,,,,,,,,
twister,Twister,False,,,,,,,,,,
u-turn,U Turn,True,U-Turn,Lilycove Dept. Store (4th Floor TM Shop),30000,"$30,000","$30,000",Forum guide states this shop has all TMs in Hoenn (post edited 2026-03-08).,"Sootopolis City Pokémon Marts for $30,000",30000,"$30,000",PokeMMO Wiki TM page (2025-03-25 revision) lists this Hoenn purchase location.
upper-hand,Upper Hand,False,,,,,,,,,,
uproar,Uproar,True,Uproar,Lilycove Dept. Store (4th Floor TM Shop),5000,"$5,000","$5,000",Forum guide states this shop has all TMs in Hoenn (post edited 2026-03-08).,,,,
vacuum-wave,Vacuum Wave,True,Vacuum Wave,Lilycove Dept. Store (4th Floor TM Shop),20000,"$20,000","$20,000",Forum guide states this shop has all TMs in Hoenn (post edited 2026-03-08).,,,,
venom-drench,Venom Drench,False,,,,,,,,,,
venoshock,Venoshock,True,Venoshock,Lilycove Dept. Store (4th Floor TM Shop),15000,"$15,000","$15,000",Forum guide states this shop has all TMs in Hoenn (post edited 2026-03-08).,"Fortree City Pokémon Marts for $12,500",12500,"$12,500",PokeMMO Wiki TM page (2025-03-25 revision) lists this Hoenn purchase location.
vice-grip,Vice Grip,False,,,,,,,,,,
vital-throw,Vital Throw,False,,,,,,,,,,
volt-switch,Volt Switch,True,Volt Switch,Lilycove Dept. Store (4th Floor TM Shop),30000,"$30,000","$30,000",Forum guide states this shop has all TMs in Hoenn (post edited 2026-03-08).,"Sootopolis City Pokémon Marts for $30,000",30000,"$30,000",PokeMMO Wiki TM page (2025-03-25 revision) lists this Hoenn purchase location.
wake-up-slap,Wake Up Slap,False,,,,,,,,,,
water-gun,Water Gun,True,Water Gun,Lilycove Dept. Store (4th Floor TM Shop),2500,"$2,500","$2,500",Forum guide states this shop has all TMs in Hoenn (post edited 2026-03-08).,,,,
water-pledge,Water Pledge,False,,,,,,,,,,
water-pulse,Water Pulse,True,Water Pulse,Lilycove Dept. Store (4th Floor TM Shop),10000,"$10,000","$10,000",Forum guide states this shop has all TMs in Hoenn (post edited 2026-03-08).,,,,
water-sport,Water Sport,False,,,,,,,,,,
water-spout,Water Spout,False,,,,,,,,,,
waterfall,Waterfall,False,,,,,,,,,,
weather-ball,Weather Ball,True,Weather Ball,Lilycove Dept. Store (4th Floor TM Shop),20000,"$20,000","$20,000",Forum guide states this shop has all TMs in Hoenn (post edited 2026-03-08).,,,,
whirlpool,Whirlpool,True,Whirlpool,Lilycove Dept. Store (4th Floor TM Shop),2500,"$2,500","$2,500",Forum guide states this shop has all TMs in Hoenn (post edited 2026-03-08).,,,,
whirlwind,Whirlwind,True,Whirlwind,Lilycove Dept. Store (4th Floor TM Shop),20000,"$20,000","$20,000",Forum guide states this shop has all TMs in Hoenn (post edited 2026-03-08).,,,,
wide-guard,Wide Guard,False,,,,,,,,,,
wild-charge,Wild Charge,True,Wild Charge,Lilycove Dept. Store (4th Floor TM Shop),25000,"$25,000","$25,000",Forum guide states this shop has all TMs in Hoenn (post edited 2026-03-08).,"Sootopolis City Pokémon Marts for $25,000",25000,"$25,000",PokeMMO Wiki TM page (2025-03-25 revision) lists this Hoenn purchase location.
will-o-wisp,Will O Wisp,True,Will-O-Wisp,Lilycove Dept. Store (4th Floor TM Shop),25000,"$25,000","$25,000",Forum guide states this shop has all TMs in Hoenn (post edited 2026-03-08).,"Sootopolis City Pokémon Marts for $25,000",25000,"$25,000",PokeMMO Wiki TM page (2025-03-25 revision) lists this Hoenn purchase location.
wing-attack,Wing Attack,False,,,,,,,,,,
wish,Wish,False,,,,,,,,,,
withdraw,Withdraw,False,,,,,,,,,,
wonder-room,Wonder Room,False,,,,,,,,,,
work-up,Work Up,True,Work Up,Lilycove Dept. Store (4th Floor TM Shop),15000,"$15,000","$15,000",Forum guide states this shop has all TMs in Hoenn (post edited 2026-03-08).,"Slateport City Pokémon Marts for $17,500",17500,"$17,500",PokeMMO Wiki TM page (2025-03-25 revision) lists this Hoenn purchase location.
worry-seed,Worry Seed,False,,,,,,,,,,
wrap,Wrap,False,,,,,,,,,,
wring-out,Wring Out,False,,,,,,,,,,
x-scissor,X Scissor,True,X-Scisssor,Lilycove Dept. Store (4th Floor TM Shop),25000,"$25,000","$25,000",Forum guide states this shop has all TMs in Hoenn (post edited 2026-03-08).,"Fortree City Pokémon Marts for $25,000",25000,"$25,000",PokeMMO Wiki TM page (2025-03-25 revision) lists this Hoenn purchase location.
yawn,Yawn,False,,,,,,,,,,
zap-cannon,Zap Cannon,True,Zap Cannon,Lilycove Dept. Store (4th Floor TM Shop),15000,"$15,000","$15,000",Forum guide states this shop has all TMs in Hoenn (post edited 2026-03-08).,,,,
zen-headbutt,Zen Headbutt,True,zen headbutt,Lilycove Dept. Store (4th Floor TM Shop),25000,"$25,000","$25,000",Forum guide states this shop has all TMs in Hoenn (post edited 2026-03-08).,,,,
